{
  "name": "continual-rnn-Fetch-12x12-N2-C6-SE5-SI5-O10-50-percent",
  "setting_with_pickup": 1,
  "game_type": "fetch",
  "size": 12,
  "numObjs": 10,
  "T_max": 40,
  "max_steps": 3000000,
  "wrong_object_terminal": 1,
  "reward_if_wrong_object": 0,
  "use_defined_missions": 1,
  "shuffle_attrib": 1,
  "manual": 0,
  "random_target": 1,
  "oneobject": 0,
  "COLOR_TO_IDX": {
    "red": 0,
    "green": 1,
    "blue": 2,
    "purple": 3,
    "yellow": 4,
    "grey": 5
  },
  "TYPE_TO_IDX": {
    "key": 0,
    "ball": 1
  },
  "SHADE_TO_IDX": {
    "very_light": 0,
    "light": 1,
    "neutral": 2,
    "dark": 3,
    "very_dark": 4
  },
  "SIZE_TO_IDX": {
    "tiny": 0,
    "small": 1,
    "medium": 2,
    "large": 3,
    "giant": 4
  },
  "env_dir": "/home/user/ther/out",
  "summary_trajectory": 5000,
  "summary_mean_max_q": 1000,
  "save_model": 1000000,
  "full_idx": {
    "red": 0,
    "green": 1,
    "blue": 2,
    "purple": 3,
    "yellow": 4,
    "grey":5
},
  "full_dict_shade": {
    "very_light": 0,
    "light": 1,
    "neutral": 2,
    "dark": 3,
    "very_dark": 4
  },
    "full_dict_size": {
    "verysmall": 0,
    "small": 1,
    "average": 2,
    "large": 3,
    "verylarge": 4
  },
  "word2idx": {
    "PAD": 0,
    "get": 1,
    "a": 2,
    "go": 3,
    "fetch": 4,
    "you": 5,
    "must": 6,
    "red": 7,
    "green": 8,
    "blue": 9,
    "purple": 10,
    "yellow": 11,
    "grey": 12,
    "key": 13,
    "ball": 14,
    "very_light": 15,
    "light": 16,
    "neutral": 17,
    "dark": 18,
    "very_dark": 19,
    "tiny": 20,
    "small": 21,
    "medium": 22,
    "large": 23,
    "giant": 24,
    "BEG": 25,
    "END": 26
  },

  "missions": [["blue", "ball", "tiny", "neutral"],
 ["green", "ball", "large", "dark"],
 ["yellow", "ball", "small", "very_dark"],
 ["grey", "ball", "large", "dark"],
 ["purple", "key", "tiny", "very_light"],
 ["purple", "key", "medium", "very_dark"],
 ["yellow", "key", "medium", "light"],
 ["green", "key", "medium", "very_light"],
 ["grey", "ball", "giant", "very_light"],
 ["grey", "key", "tiny", "very_dark"],
 ["red", "ball", "giant", "light"],
 ["yellow", "ball", "large", "neutral"],
 ["grey", "key", "large", "very_light"],
 ["blue", "key", "medium", "neutral"],
 ["red", "ball", "small", "very_light"],
 ["yellow", "ball", "tiny", "light"],
 ["red", "ball", "large", "very_dark"],
 ["green", "ball", "giant", "very_dark"],
 ["grey", "ball", "medium", "very_dark"],
 ["green", "key", "tiny", "very_light"],
 ["grey", "key", "medium", "very_light"],
 ["yellow", "key", "large", "very_light"],
 ["grey", "ball", "medium", "light"],
 ["blue", "ball", "giant", "very_light"],
 ["purple", "ball", "giant", "very_light"],
 ["yellow", "ball", "small", "dark"],
 ["green", "ball", "large", "very_dark"],
 ["red", "key", "tiny", "neutral"],
 ["grey", "key", "small", "very_dark"],
 ["grey", "key", "giant", "very_dark"],
 ["blue", "key", "large", "very_light"],
 ["blue", "key", "giant", "very_light"],
 ["blue", "ball", "tiny", "very_dark"],
 ["red", "key", "large", "neutral"],
 ["purple", "ball", "tiny", "neutral"],
 ["red", "key", "large", "light"],
 ["yellow", "ball", "giant", "very_dark"],
 ["yellow", "ball", "medium", "light"],
 ["yellow", "ball", "large", "light"],
 ["yellow", "key", "small", "very_dark"],
 ["grey", "key", "giant", "neutral"],
 ["blue", "ball", "giant", "light"],
 ["yellow", "key", "giant", "neutral"],
 ["yellow", "key", "tiny", "very_light"],
 ["green", "key", "large", "light"],
 ["purple", "key", "large", "neutral"],
 ["blue", "key", "giant", "light"],
 ["grey", "ball", "giant", "very_dark"],
 ["yellow", "key", "large", "light"],
 ["grey", "ball", "small", "very_light"],
 ["yellow", "key", "giant", "very_light"],
 ["green", "ball", "medium", "light"],
 ["green", "ball", "tiny", "dark"],
 ["yellow", "ball", "large", "very_light"],
 ["grey", "ball", "large", "neutral"],
 ["grey", "key", "tiny", "dark"],
 ["red", "ball", "tiny", "neutral"],
 ["red", "key", "small", "dark"],
 ["red", "key", "large", "very_light"],
 ["red", "ball", "tiny", "very_dark"],
 ["yellow", "ball", "large", "dark"],
 ["blue", "ball", "medium", "very_dark"],
 ["red", "key", "small", "very_dark"],
 ["grey", "key", "medium", "neutral"],
 ["green", "ball", "small", "dark"],
 ["blue", "key", "small", "very_dark"],
 ["yellow", "ball", "tiny", "neutral"],
 ["yellow", "ball", "giant", "light"],
 ["green", "ball", "medium", "very_light"],
 ["grey", "ball", "giant", "light"],
 ["purple", "ball", "large", "neutral"],
 ["green", "ball", "giant", "neutral"],
 ["yellow", "key", "small", "neutral"],
 ["red", "ball", "giant", "very_light"],
 ["blue", "key", "giant", "very_dark"],
 ["purple", "ball", "small", "neutral"],
 ["green", "key", "large", "neutral"],
 ["yellow", "ball", "tiny", "very_light"],
 ["green", "ball", "giant", "very_light"],
 ["red", "ball", "medium", "dark"],
 ["purple", "key", "small", "dark"],
 ["green", "key", "medium", "neutral"],
 ["yellow", "key", "medium", "very_dark"],
 ["purple", "key", "large", "very_light"],
 ["red", "key", "tiny", "light"],
 ["yellow", "ball", "medium", "very_dark"],
 ["purple", "key", "tiny", "light"],
 ["blue", "ball", "medium", "light"],
 ["purple", "ball", "small", "light"],
 ["blue", "ball", "medium", "dark"],
 ["yellow", "key", "medium", "neutral"],
 ["grey", "key", "giant", "very_light"],
 ["red", "key", "giant", "light"],
 ["yellow", "key", "tiny", "dark"],
 ["blue", "key", "large", "very_dark"],
 ["yellow", "key", "tiny", "very_dark"],
 ["blue", "ball", "large", "very_light"],
 ["grey", "ball", "large", "very_dark"],
 ["green", "ball", "medium", "neutral"],
 ["yellow", "ball", "medium", "neutral"],
 ["yellow", "key", "large", "dark"],
 ["yellow", "ball", "tiny", "dark"],
 ["green", "ball", "large", "neutral"],
 ["blue", "key", "tiny", "very_dark"],
 ["purple", "ball", "large", "light"],
 ["yellow", "ball", "medium", "very_light"],
 ["purple", "ball", "medium", "light"],
 ["red", "key", "medium", "dark"],
 ["red", "key", "medium", "neutral"],
 ["yellow", "ball", "giant", "very_light"],
 ["purple", "ball", "large", "dark"],
 ["blue", "key", "small", "dark"],
 ["red", "key", "small", "very_light"],
 ["yellow", "ball", "small", "neutral"],
 ["red", "ball", "giant", "dark"],
 ["purple", "ball", "small", "dark"],
 ["grey", "ball", "medium", "very_light"],
 ["red", "ball", "small", "light"],
 ["yellow", "key", "small", "dark"],
 ["red", "ball", "tiny", "light"],
 ["red", "ball", "large", "light"],
 ["purple", "ball", "small", "very_light"],
 ["yellow", "key", "large", "neutral"],
 ["green", "key", "tiny", "dark"],
 ["purple", "ball", "large", "very_dark"],
 ["grey", "ball", "large", "light"],
 ["purple", "ball", "tiny", "very_light"],
 ["blue", "key", "tiny", "very_light"],
 ["red", "key", "giant", "dark"],
 ["red", "key", "giant", "very_dark"],
 ["green", "key", "giant", "dark"],
 ["yellow", "key", "tiny", "light"],
 ["red", "ball", "tiny", "very_light"],
 ["grey", "key", "large", "very_dark"],
 ["blue", "ball", "large", "neutral"],
 ["grey", "key", "giant", "light"],
 ["blue", "key", "tiny", "dark"],
 ["grey", "ball", "giant", "dark"],
 ["green", "ball", "large", "light"],
 ["grey", "key", "small", "very_light"],
 ["yellow", "key", "giant", "dark"],
 ["yellow", "key", "small", "very_light"],
 ["purple", "ball", "medium", "neutral"],
 ["green", "key", "giant", "light"],
 ["yellow", "key", "medium", "dark"],
 ["blue", "ball", "medium", "very_light"],
 ["blue", "ball", "small", "dark"],
 ["purple", "ball", "medium", "very_light"],
 ["grey", "key", "medium", "very_dark"],
 ["blue", "key", "large", "light"]]
}

