{
  "name": "test-fixed-Fetch-12x12-N2-C6-SE5-SI5-O10-5M-steps",
  "game_type": "fetch",
  "size": 12,
  "numObjs": 10,
  "T_max": 40,
  "max_steps": 5000000,
  "wrong_object_terminal": 1,
  "reward_if_wrong_object": 0,
  "use_defined_missions": 0,
  "shuffle_attrib": 1,
  "manual": 0,
  "random_target": 1,
  "oneobject": 0,
  "COLOR_TO_IDX": {
    "red": 0,
    "green": 1,
    "blue": 2,
    "purple": 3,
    "yellow": 4,
    "grey": 5
  },
  "TYPE_TO_IDX": {
    "key": 0,
    "ball": 1
  },
  "SHADE_TO_IDX": {
    "very_light": 0,
    "light": 1,
    "neutral": 2,
    "dark": 3,
    "very_dark": 4
  },
  "SIZE_TO_IDX": {
    "tiny": 0,
    "small": 1,
    "medium": 2,
    "large": 3,
    "giant": 4
  },
  "env_dir": "/home/user/ther/out",
  "summary_trajectory": 5000,
  "summary_mean_max_q": 1000,
  "save_model": 1000000,
  "save_replay_buffer": 1000000,
  "smoothing": 5000,
  "full_idx": {
    "red": 0,
    "green": 1,
    "blue": 2,
    "purple": 3,
    "yellow": 4,
    "grey":5
},
  "full_dict_shade": {
    "very_light": 0,
    "light": 1,
    "neutral": 2,
    "dark": 3,
    "very_dark": 4
  },
    "full_dict_size": {
    "verysmall": 0,
    "small": 1,
    "average": 2,
    "big": 3,
    "verybig": 4
  },
  "word2idx": {
    "PAD": 0,
    "get": 1,
    "a": 2,
    "go": 3,
    "fetch": 4,
    "you": 5,
    "must": 6,
    "red": 7,
    "green": 8,
    "blue": 9,
    "purple": 10,
    "yellow": 11,
    "grey": 12,
    "key": 13,
    "ball": 14,
    "very_light": 15,
    "light": 16,
    "neutral": 17,
    "dark": 18,
    "very_dark": 19,
    "tiny": 20,
    "small": 21,
    "medium": 22,
    "large": 23,
    "giant": 24,
    "BEG": 25,
    "END": 26
  },

  "missions": 1

}

