{
  "n_iterations": 120000,
  "save_every": 5e4,
  "log_every": 500,
  "batch_size": 128,
  "seed": 32,
  "frames": 1,
  "n_words": 27,
  "word_embedding_size": 128,
  "hidden_size": 256,
  "teacher_forcing_ratio": 0.4,
  "weight_decay": 1e-6,
  "lr": 1e-4,
  "dir": "/home/user/ther/out_pred_language",
  "dir_logs": "/home/user/ther/out_pred_language/logs_pred",
  "earlystopping": 1000,
  "iterations_before_earlystopping": 1000,
  "word2idx": {
    "PAD": 0,
    "get": 1,
    "a": 2,
    "go": 3,
    "fetch": 4,
    "you": 5,
    "must": 6,
    "red": 7,
    "green": 8,
    "blue": 9,
    "purple": 10,
    "yellow": 11,
    "grey": 12,
    "key": 13,
    "ball": 14,
    "very_light": 15,
    "light": 16,
    "neutral": 17,
    "dark": 18,
    "very_dark": 19,
    "tiny": 20,
    "small": 21,
    "medium": 22,
    "large": 23,
    "giant": 24,
    "BEG": 25,
    "END": 26
  }
}

