{
    "name": "expert-to-learn-rnn",
    "T_exploration": 4e5,
    "keep_last_transitions": 0,
    "expert_type": "rnn",
    "word_embedding_size": 128,
    "hidden_size": 256,
    "teacher_forcing_ratio": 0.4,
    "lr": 1e-4,
    "weight_decay": 1e-6,
    "n_words": 27,
    "update_network": [800, 1000, 1500, 2000, 3000, 4000, 5000, 7000, 10000, 12000, 15000,
      18000, 20000, 22000, 25000, 28000, 30000, 35000, 40000, 45000, 50000, 55000, 60000],
    "config_optimize_net": {
      "log_every": 100,
      "earlystopping": 30,
      "iterations_before_earlystopping": 2e4,
      "n_iterations": 1e5,
      "batch_size": 128,
      "device": "cuda",
      "acc_min": 0.65
    }
}