{
    "name": "expert-dense-to-learn",
    "T_exploration": 5e5,
    "keep_last_transitions": 3,
    "keep_last_transitions_dense": 2,
    "expert_type": "dense",
    "update_network": [750, 1000, 1500, 2000, 3000, 5000, 7000, 10000, 15000],
    "update_network_dense": [90000, 130000, 200000, 300000],
    "config_optimize_net": {
      "log_every": 100,
      "earlystopping": 20,
      "iterations_before_earlystopping": 1e5,
      "n_iterations": 2e5,
      "batch_size": 128,
      "device": "cuda",
      "acc_min": 0.65
    },
    "config_optimize_net_dense": {
      "log_every": 100,
      "earlystopping": 20,
      "iterations_before_earlystopping": 1e5,
      "n_iterations": 2e5,
      "batch_size": 128,
      "device": "cuda",
      "f1_min": 0.98
    }
}